run_id,scenario_id,rep_id,dgp_name,dgp.input_representation,dgp.dist_variant,dgp.sigma_v,dgp.kappa_sigmaU_over_sigmaV,dgp.sigma_eps,dgp.beta,dgp.distractors.p_u,dgp.distractors.u_noise_scale_mult,dgp.distractors.p_noise,dgp.distractors.noise_scale_mult,dgp.prevalence_target,feature_set,colsamp_arm,s,colsample_bylevel,colsample_bynode,max_depth,regime,n_estimators_cap,n_estimators_used,best_iteration,train_seconds,valid_rocauc,valid_prauc,test_rocauc,test_prauc,valid_latent_corr,test_latent_corr,nthread,cooc_mean,cooc_log_a__log_b,cooc_path_mean,cooc_path_log_a__log_b,valid_prauc_base,valid_rocauc_base,valid_latent_corr_base,test_prauc_base,test_rocauc_base,test_latent_corr_base,cooc_mean_base,cooc_path_mean_base,delta_valid_prauc,delta_valid_rocauc,delta_valid_latent_corr,delta_test_prauc,delta_test_rocauc,delta_test_latent_corr,delta_cooc_mean,delta_cooc_path_mean
phase0_20251220_221953,0,0,continuous_logratio,log,normal,1.0,6.0,0.12,1.4,0,1.0,40,1.0,0.05,F0,C0,1.0,1.0,1.0,4,early_stopping,1200,188,187,1.840203592000762,0.8180215622824776,0.2312891901909243,0.7957591123186049,0.1927704778462377,0.8657769953468047,0.863087410874956,14,0.7385321100917431,0.7385321100917431,0.6069633730184189,0.6069633730184189,0.2312891901909243,0.8180215622824776,0.8657769953468047,0.1927704778462377,0.7957591123186049,0.863087410874956,0.7385321100917431,0.6069633730184189,0.0,0.0,0.0,0.0,0.0,0.0,0.0,0.0
phase0_20251220_221953,0,0,continuous_logratio,log,normal,1.0,6.0,0.12,1.4,0,1.0,40,1.0,0.05,F1,C0,1.0,1.0,1.0,4,early_stopping,1200,35,34,0.4211055539999506,0.835707416086164,0.2775421780342156,0.8154047467197525,0.2179018626981049,0.8515989252306388,0.8520246074663897,14,0.0,0.0,0.0,0.0,0.2775421780342156,0.835707416086164,0.8515989252306388,0.2179018626981049,0.8154047467197525,0.8520246074663897,0.0,0.0,0.0,0.0,0.0,0.0,0.0,0.0,0.0,0.0
phase0_20251220_221953,0,0,continuous_logratio,log,normal,1.0,6.0,0.12,1.4,0,1.0,40,1.0,0.05,F0,C3,0.9,0.9,0.9,4,early_stopping,1200,92,91,0.8111802560015349,0.8090210893787958,0.2331370913492545,0.7932213889876484,0.1944987882241916,0.840147538067848,0.8385246869312136,14,0.9508196721311476,0.9508196721311476,0.8263101197527429,0.8263101197527429,0.2312891901909243,0.8180215622824776,0.8657769953468047,0.1927704778462377,0.7957591123186049,0.863087410874956,0.7385321100917431,0.6069633730184189,0.0018479011583301952,-0.009000472903681778,-0.025629457278956713,0.001728310377953901,-0.002537723330956476,-0.02456272394374237,0.21228756203940446,0.21934674673432408
phase0_20251220_221953,0,0,continuous_logratio,log,normal,1.0,6.0,0.12,1.4,0,1.0,40,1.0,0.05,F1,C3,0.9,0.9,0.9,4,early_stopping,1200,12,11,0.4189618770033121,0.8314773192206122,0.2802932902542998,0.8081901546793006,0.2130831970803131,0.7613645522932982,0.7640962860138294,14,0.1666666666666666,0.1666666666666666,0.0303636839351125,0.0303636839351125,0.2775421780342156,0.835707416086164,0.8515989252306388,0.2179018626981049,0.8154047467197525,0.8520246074663897,0.0,0.0,0.002751112220084173,-0.004230096865551758,-0.0902343729373406,-0.0048186656177918175,-0.007214592040451939,-0.08792832145256035,0.1666666666666666,0.0303636839351125
phase0_20251220_221953,0,0,continuous_logratio,log,normal,1.0,6.0,0.12,1.4,0,1.0,40,1.0,0.05,F0,C3,0.8,0.8,0.8,4,early_stopping,1200,133,132,1.4809354119934142,0.8107382079607225,0.2343287831129364,0.797253408577909,0.1929444903630998,0.8490903272583921,0.8465244549218734,14,0.8588957055214724,0.8588957055214724,0.6693209312841213,0.6693209312841213,0.2312891901909243,0.8180215622824776,0.8657769953468047,0.1927704778462377,0.7957591123186049,0.863087410874956,0.7385321100917431,0.6069633730184189,0.0030395929220120854,-0.007283354321755087,-0.01668666808841268,0.00017401251686210983,0.0014942962593041953,-0.016562955953082548,0.1203635954297293,0.06235755826570244
phase0_20251220_221953,0,0,continuous_logratio,log,normal,1.0,6.0,0.12,1.4,0,1.0,40,1.0,0.05,F1,C3,0.8,0.8,0.8,4,early_stopping,1200,29,28,0.7662473989985301,0.8343618191382526,0.2749302933131642,0.8109628460498082,0.2236473686959594,0.8141148498920907,0.8145755099104761,14,0.2033898305084746,0.2033898305084746,0.0778341714782392,0.0778341714782392,0.2775421780342156,0.835707416086164,0.8515989252306388,0.2179018626981049,0.8154047467197525,0.8520246074663897,0.0,0.0,-0.002611884721051394,-0.001345596947911365,-0.03748407533854814,0.005745505997854478,-0.004441900669944321,-0.037449097555913635,0.2033898305084746,0.0778341714782392
phase0_20251220_221953,0,1,continuous_logratio,log,normal,1.0,6.0,0.12,1.4,0,1.0,40,1.0,0.05,F0,C0,1.0,1.0,1.0,4,early_stopping,1200,89,88,0.8727616570031387,0.8034487983697225,0.25018154137873,0.7860257159238309,0.2238790906124891,0.8440002911781307,0.8319242620219048,14,0.9159663865546218,0.9159663865546218,0.8514126862866359,0.8514126862866359,0.25018154137873,0.8034487983697225,0.8440002911781307,0.2238790906124891,0.7860257159238309,0.8319242620219048,0.9159663865546218,0.8514126862866359,0.0,0.0,0.0,0.0,0.0,0.0,0.0,0.0
phase0_20251220_221953,0,1,continuous_logratio,log,normal,1.0,6.0,0.12,1.4,0,1.0,40,1.0,0.05,F1,C0,1.0,1.0,1.0,4,early_stopping,1200,10,9,0.2920732780039543,0.8253612100247127,0.2505015594302898,0.8046613820689748,0.2502456514432542,0.7655837983038508,0.7588409973619565,14,0.0,0.0,0.0,0.0,0.2505015594302898,0.8253612100247127,0.7655837983038508,0.2502456514432542,0.8046613820689748,0.7588409973619565,0.0,0.0,0.0,0.0,0.0,0.0,0.0,0.0,0.0,0.0
phase0_20251220_221953,0,1,continuous_logratio,log,normal,1.0,6.0,0.12,1.4,0,1.0,40,1.0,0.05,F0,C3,0.9,0.9,0.9,4,early_stopping,1200,88,87,0.7376987220050069,0.8040467049197348,0.2493122626222393,0.7827504229015392,0.2167464505765576,0.837606486850383,0.8265202136125439,14,0.940677966101695,0.940677966101695,0.8406044050111845,0.8406044050111845,0.25018154137873,0.8034487983697225,0.8440002911781307,0.2238790906124891,0.7860257159238309,0.8319242620219048,0.9159663865546218,0.8514126862866359,-0.0008692787564907045,0.0005979065500123504,-0.006393804327747721,-0.007132640035931503,-0.003275293022291681,-0.005404048409360929,0.024711579547073148,-0.010808281275451415
phase0_20251220_221953,0,1,continuous_logratio,log,normal,1.0,6.0,0.12,1.4,0,1.0,40,1.0,0.05,F1,C3,0.9,0.9,0.9,4,early_stopping,1200,9,8,0.2538287810020847,0.8272438601796612,0.2511734185717951,0.8056461325403512,0.2486542439550852,0.7347936698179665,0.7264755834925758,14,0.1025641025641025,0.1025641025641025,0.0478632478632478,0.0478632478632478,0.2505015594302898,0.8253612100247127,0.7655837983038508,0.2502456514432542,0.8046613820689748,0.7588409973619565,0.0,0.0,0.0006718591415053043,0.0018826501549484842,-0.03079012848588436,-0.0015914074881690221,0.000984750471376472,-0.032365413869380744,0.1025641025641025,0.0478632478632478
phase0_20251220_221953,0,1,continuous_logratio,log,normal,1.0,6.0,0.12,1.4,0,1.0,40,1.0,0.05,F0,C3,0.8,0.8,0.8,4,early_stopping,1200,151,150,1.3278151729973615,0.8036934651835994,0.2408622549032954,0.7878691194955939,0.2276060291434801,0.8673140367193892,0.8552167179706052,14,0.856353591160221,0.856353591160221,0.6592277887857995,0.6592277887857995,0.25018154137873,0.8034487983697225,0.8440002911781307,0.2238790906124891,0.7860257159238309,0.8319242620219048,0.9159663865546218,0.8514126862866359,-0.00931928647543459,0.0002446668138769148,0.023313745541258535,0.003726938530991014,0.001843403571763047,0.02329245594870033,-0.059612795394400786,-0.19218489750083645
phase0_20251220_221953,0,1,continuous_logratio,log,normal,1.0,6.0,0.12,1.4,0,1.0,40,1.0,0.05,F1,C3,0.8,0.8,0.8,4,early_stopping,1200,48,47,0.959119664003083,0.8244340231707135,0.2499506031874339,0.8055172144328104,0.2421878470907733,0.8604414587943883,0.8539685385854114,14,0.1794871794871795,0.1794871794871795,0.0946433907972369,0.0946433907972369,0.2505015594302898,0.8253612100247127,0.7655837983038508,0.2502456514432542,0.8046613820689748,0.7588409973619565,0.0,0.0,-0.0005509562428558934,-0.0009271868539992845,0.09485766049053745,-0.008057804352480935,0.0008558323638356846,0.0951275412234549,0.1794871794871795,0.0946433907972369
phase0_20251220_221953,1,0,continuous_logratio,log,normal,1.0,6.0,0.12,1.4,0,1.0,40,1.0,0.05,F0,C0,1.0,1.0,1.0,4,early_stopping,1200,107,106,1.1667308850010158,0.7920545813963521,0.2271943148822008,0.7969199685123097,0.2394092886734727,0.8614215509403519,0.8611735479607998,14,0.8686131386861314,0.8686131386861314,0.7907226593357981,0.7907226593357981,0.2271943148822008,0.7920545813963521,0.8614215509403519,0.2394092886734727,0.7969199685123097,0.8611735479607998,0.8686131386861314,0.7907226593357981,0.0,0.0,0.0,0.0,0.0,0.0,0.0,0.0
phase0_20251220_221953,1,0,continuous_logratio,log,normal,1.0,6.0,0.12,1.4,0,1.0,40,1.0,0.05,F1,C0,1.0,1.0,1.0,4,early_stopping,1200,59,58,0.6479412039989256,0.8020008975647955,0.2552292990217425,0.8204762379098344,0.2415875647435482,0.9123804071292344,0.9136103861168932,14,0.0112359550561797,0.0112359550561797,0.0016051364365971,0.0016051364365971,0.2552292990217425,0.8020008975647955,0.9123804071292344,0.2415875647435482,0.8204762379098344,0.9136103861168932,0.0112359550561797,0.0016051364365971,0.0,0.0,0.0,0.0,0.0,0.0,0.0,0.0
phase0_20251220_221953,1,0,continuous_logratio,log,normal,1.0,6.0,0.12,1.4,0,1.0,40,1.0,0.05,F0,C3,0.9,0.9,0.9,4,early_stopping,1200,138,137,1.2504370370006654,0.7912531398176998,0.2272483477968264,0.7945485956651012,0.2399629429954627,0.8624835352461029,0.8610128655377841,14,0.8690476190476191,0.8690476190476191,0.7201955947491661,0.7201955947491661,0.2271943148822008,0.7920545813963521,0.8614215509403519,0.2394092886734727,0.7969199685123097,0.8611735479607998,0.8686131386861314,0.7907226593357981,5.403291462560689e-05,-0.0008014415786522511,0.001061984305750996,0.0005536543219900047,-0.002371372847208564,-0.00016068242301570113,0.00043448036148763247,-0.07052706458663205
phase0_20251220_221953,1,0,continuous_logratio,log,normal,1.0,6.0,0.12,1.4,0,1.0,40,1.0,0.05,F1,C3,0.9,0.9,0.9,4,early_stopping,1200,54,53,0.6375178029993549,0.8033150999930319,0.2531537438645915,0.819945806030631,0.2419850282683297,0.900080534692741,0.9020462382427156,14,0.0833333333333333,0.0833333333333333,0.0364948543519972,0.0364948543519972,0.2552292990217425,0.8020008975647955,0.9123804071292344,0.2415875647435482,0.8204762379098344,0.9136103861168932,0.0112359550561797,0.0016051364365971,-0.002075555157151021,0.0013142024282363218,-0.012299872436493442,0.0003974635247815106,-0.0005304318792033191,-0.011564147874177588,0.0720973782771536,0.034889717915400104
phase0_20251220_221953,1,0,continuous_logratio,log,normal,1.0,6.0,0.12,1.4,0,1.0,40,1.0,0.05,F0,C3,0.8,0.8,0.8,4,early_stopping,1200,23,22,0.3161372009999468,0.7668495600107508,0.2054155230152401,0.7725333009959621,0.2098365904368057,0.7142082029703484,0.7089126380314963,14,0.9622641509433962,0.9622641509433962,0.8058794455020868,0.8058794455020868,0.2271943148822008,0.7920545813963521,0.8614215509403519,0.2394092886734727,0.7969199685123097,0.8611735479607998,0.8686131386861314,0.7907226593357981,-0.02177879186696069,-0.025205021385601323,-0.14721334797000352,-0.029572698236667,-0.02438666751634766,-0.15226090992930352,0.0936510122572648,0.015156786166288683
phase0_20251220_221953,1,0,continuous_logratio,log,normal,1.0,6.0,0.12,1.4,0,1.0,40,1.0,0.05,F1,C3,0.8,0.8,0.8,4,early_stopping,1200,16,15,0.3344845059982617,0.8002478672466827,0.2525901866165436,0.8170190470828411,0.2486673458579826,0.7557710700283052,0.7618455895057765,14,0.1739130434782608,0.1739130434782608,0.0886483082135256,0.0886483082135256,0.2552292990217425,0.8020008975647955,0.9123804071292344,0.2415875647435482,0.8204762379098344,0.9136103861168932,0.0112359550561797,0.0016051364365971,-0.002639112405198929,-0.0017530303181128026,-0.15660933710092917,0.007079781114434414,-0.0034571908269932505,-0.15176479661111664,0.16267708842208112,0.0870431717769285
phase0_20251220_221953,1,1,continuous_logratio,log,normal,1.0,6.0,0.12,1.4,0,1.0,40,1.0,0.05,F0,C0,1.0,1.0,1.0,4,early_stopping,1200,50,49,0.7902473709982587,0.8022767245899929,0.2150557289381073,0.8026251859682092,0.2416783195100063,0.8095349320347095,0.8153162544094807,14,0.9875,0.9875,0.9511178751803752,0.9511178751803752,0.2150557289381073,0.8022767245899929,0.8095349320347095,0.2416783195100063,0.8026251859682092,0.8153162544094807,0.9875,0.9511178751803752,0.0,0.0,0.0,0.0,0.0,0.0,0.0,0.0
phase0_20251220_221953,1,1,continuous_logratio,log,normal,1.0,6.0,0.12,1.4,0,1.0,40,1.0,0.05,F1,C0,1.0,1.0,1.0,4,early_stopping,1200,23,22,0.3580612610021489,0.8207099314883747,0.2258115250349217,0.8263594276094275,0.2656544370994512,0.8104300602200459,0.8137084436272949,14,0.0,0.0,0.0,0.0,0.2258115250349217,0.8207099314883747,0.8104300602200459,0.2656544370994512,0.8263594276094275,0.8137084436272949,0.0,0.0,0.0,0.0,0.0,0.0,0.0,0.0,0.0,0.0
phase0_20251220_221953,1,1,continuous_logratio,log,normal,1.0,6.0,0.12,1.4,0,1.0,40,1.0,0.05,F0,C3,0.9,0.9,0.9,4,early_stopping,1200,159,158,1.354487008000433,0.8062940755975739,0.2133777773625838,0.808625988567849,0.2421527446692658,0.8684151128147438,0.8736771365588122,14,0.8095238095238095,0.8095238095238095,0.6893597290422684,0.6893597290422684,0.2150557289381073,0.8022767245899929,0.8095349320347095,0.2416783195100063,0.8026251859682092,0.8153162544094807,0.9875,0.9511178751803752,-0.0016779515755235008,0.004017351007581049,0.05888018078003432,0.0004744251592595228,0.006000802599639754,0.05836088214933144,-0.1779761904761905,-0.2617581461381068
phase0_20251220_221953,1,1,continuous_logratio,log,normal,1.0,6.0,0.12,1.4,0,1.0,40,1.0,0.05,F1,C3,0.9,0.9,0.9,4,early_stopping,1200,12,11,0.2924672840017592,0.8160463185675918,0.2250343824163675,0.8241376947772296,0.2651623392147783,0.7620842928810412,0.7675713755811595,14,0.119047619047619,0.119047619047619,0.0622758194186765,0.0622758194186765,0.2258115250349217,0.8207099314883747,0.8104300602200459,0.2656544370994512,0.8263594276094275,0.8137084436272949,0.0,0.0,-0.0007771426185541885,-0.004663612920782878,-0.04834576733900475,-0.0004920978846729152,-0.0022217328321978425,-0.04613706804613538,0.119047619047619,0.0622758194186765
phase0_20251220_221953,1,1,continuous_logratio,log,normal,1.0,6.0,0.12,1.4,0,1.0,40,1.0,0.05,F0,C3,0.8,0.8,0.8,4,early_stopping,1200,35,34,0.4894938639990869,0.7872351369042199,0.1958939927957704,0.7838246809177042,0.2329926098740166,0.7487937188779354,0.7545614150303854,14,0.9846153846153848,0.9846153846153848,0.8908202054355899,0.8908202054355899,0.2150557289381073,0.8022767245899929,0.8095349320347095,0.2416783195100063,0.8026251859682092,0.8153162544094807,0.9875,0.9511178751803752,-0.019161736142336877,-0.015041587685773017,-0.060741213156774054,-0.008685709635989691,-0.018800505050505012,-0.060754839379095316,-0.0028846153846152633,-0.06029766974478523
phase0_20251220_221953,1,1,continuous_logratio,log,normal,1.0,6.0,0.12,1.4,0,1.0,40,1.0,0.05,F1,C3,0.8,0.8,0.8,4,early_stopping,1200,19,18,0.5321343600007822,0.8196528488050706,0.2339717814641311,0.8248986962649755,0.2621459807829032,0.7689882819676345,0.7725870888417309,14,0.0612244897959183,0.0612244897959183,0.0348508634222919,0.0348508634222919,0.2258115250349217,0.8207099314883747,0.8104300602200459,0.2656544370994512,0.8263594276094275,0.8137084436272949,0.0,0.0,0.008160256429209423,-0.001057082683304067,-0.041441778252411465,-0.003508456316548003,-0.0014607313444520154,-0.041121354785564,0.0612244897959183,0.0348508634222919
phase0_20251220_221953,2,0,continuous_logratio,log,normal,1.0,6.0,0.12,1.4,0,1.0,40,1.0,0.05,F0,C0,1.0,1.0,1.0,4,early_stopping,1200,135,134,1.122303728996485,0.8015618523540976,0.2488679621111407,0.7888329767680116,0.200606201560733,0.8747441477304068,0.8760769669354114,14,0.8181818181818182,0.8181818181818182,0.7250539527812254,0.7250539527812254,0.2488679621111407,0.8015618523540976,0.8747441477304068,0.200606201560733,0.7888329767680116,0.8760769669354114,0.8181818181818182,0.7250539527812254,0.0,0.0,0.0,0.0,0.0,0.0,0.0,0.0
phase0_20251220_221953,2,0,continuous_logratio,log,normal,1.0,6.0,0.12,1.4,0,1.0,40,1.0,0.05,F1,C0,1.0,1.0,1.0,4,early_stopping,1200,150,149,1.0656921509944368,0.8184464334636884,0.2708167264078835,0.806682688353222,0.2134076736582384,0.9470972988449138,0.9469514062870088,14,0.0333333333333333,0.0333333333333333,0.0104439696106362,0.0104439696106362,0.2708167264078835,0.8184464334636884,0.9470972988449138,0.2134076736582384,0.806682688353222,0.9469514062870088,0.0333333333333333,0.0104439696106362,0.0,0.0,0.0,0.0,0.0,0.0,0.0,0.0
phase0_20251220_221953,2,0,continuous_logratio,log,normal,1.0,6.0,0.12,1.4,0,1.0,40,1.0,0.05,F0,C3,0.9,0.9,0.9,4,early_stopping,1200,170,169,1.5220708929991815,0.7999303035561588,0.2489707435493785,0.787623715407938,0.2023227564905323,0.8791140962888895,0.8790015614036576,14,0.83,0.83,0.6838956460206458,0.6838956460206458,0.2488679621111407,0.8015618523540976,0.8747441477304068,0.200606201560733,0.7888329767680116,0.8760769669354114,0.8181818181818182,0.7250539527812254,0.00010278143823780339,-0.0016315487979388088,0.004369948558482717,0.0017165549297993021,-0.001209261360073599,0.002924594468246222,0.011818181818181728,-0.04115830676057963
phase0_20251220_221953,2,0,continuous_logratio,log,normal,1.0,6.0,0.12,1.4,0,1.0,40,1.0,0.05,F1,C3,0.9,0.9,0.9,4,early_stopping,1200,19,18,0.478640544002701,0.8204665571475406,0.2688040529366999,0.8066096990110909,0.2152719920359551,0.7880653631323425,0.7874776025219224,14,0.0408163265306122,0.0408163265306122,0.0142857142857142,0.0142857142857142,0.2708167264078835,0.8184464334636884,0.9470972988449138,0.2134076736582384,0.806682688353222,0.9469514062870088,0.0333333333333333,0.0104439696106362,-0.0020126734711836125,0.002020123683852182,-0.15903193571257124,0.001864318377716695,-7.2989342131069e-05,-0.15947380376508635,0.007482993197278902,0.003841744675078
phase0_20251220_221953,2,0,continuous_logratio,log,normal,1.0,6.0,0.12,1.4,0,1.0,40,1.0,0.05,F0,C3,0.8,0.8,0.8,4,early_stopping,1200,149,148,2.3353090649980004,0.7988388920735786,0.2476527899905151,0.7842562294418444,0.1950486965718868,0.8721466272056203,0.872508371395439,14,0.888268156424581,0.888268156424581,0.6982125571511043,0.6982125571511043,0.2488679621111407,0.8015618523540976,0.8747441477304068,0.200606201560733,0.7888329767680116,0.8760769669354114,0.8181818181818182,0.7250539527812254,-0.0012151721206256072,-0.0027229602805189934,-0.0025975205247864563,-0.00555750498884619,-0.0045767473261671965,-0.0035685955399723523,0.07008633824276278,-0.026841395630121112
phase0_20251220_221953,2,0,continuous_logratio,log,normal,1.0,6.0,0.12,1.4,0,1.0,40,1.0,0.05,F1,C3,0.8,0.8,0.8,4,early_stopping,1200,10,9,1.0106804110037046,0.8147473787394258,0.2718196554830597,0.8009972563336832,0.2250709708004537,0.7278736486677089,0.725923410181505,14,0.3,0.3,0.1566787379287379,0.1566787379287379,0.2708167264078835,0.8184464334636884,0.9470972988449138,0.2134076736582384,0.806682688353222,0.9469514062870088,0.0333333333333333,0.0104439696106362,0.0010029290751761843,-0.0036990547242625738,-0.2192236501772049,0.011663297142215312,-0.00568543201953875,-0.22102799610550383,0.2666666666666667,0.1462347683181017
phase0_20251220_221953,2,1,continuous_logratio,log,normal,1.0,6.0,0.12,1.4,0,1.0,40,1.0,0.05,F0,C0,1.0,1.0,1.0,4,early_stopping,1200,136,135,1.2100445969990687,0.8042980283821713,0.2272061115940091,0.8114306303948241,0.245748639169499,0.8621298605807163,0.8667257149672521,14,0.8313253012048193,0.8313253012048193,0.725263173907752,0.725263173907752,0.2272061115940091,0.8042980283821713,0.8621298605807163,0.245748639169499,0.8114306303948241,0.8667257149672521,0.8313253012048193,0.725263173907752,0.0,0.0,0.0,0.0,0.0,0.0,0.0,0.0
phase0_20251220_221953,2,1,continuous_logratio,log,normal,1.0,6.0,0.12,1.4,0,1.0,40,1.0,0.05,F1,C0,1.0,1.0,1.0,4,early_stopping,1200,39,38,0.6386502409950481,0.8148450919196975,0.24436645752944,0.8322089615846993,0.2694721878021779,0.868736946089547,0.8733258421957737,14,0.0,0.0,0.0,0.0,0.24436645752944,0.8148450919196975,0.868736946089547,0.2694721878021779,0.8322089615846993,0.8733258421957737,0.0,0.0,0.0,0.0,0.0,0.0,0.0,0.0,0.0,0.0
phase0_20251220_221953,2,1,continuous_logratio,log,normal,1.0,6.0,0.12,1.4,0,1.0,40,1.0,0.05,F0,C3,0.9,0.9,0.9,4,early_stopping,1200,121,120,1.1110186029982287,0.8003935631175136,0.2165998636859216,0.8101186536230315,0.2454466276580586,0.8581840538004778,0.863170581346243,14,0.8874172185430463,0.8874172185430463,0.746385108636764,0.746385108636764,0.2272061115940091,0.8042980283821713,0.8621298605807163,0.245748639169499,0.8114306303948241,0.8667257149672521,0.8313253012048193,0.725263173907752,-0.010606247908087507,-0.0039044652646577083,-0.003945806780238481,-0.00030201151144038096,-0.0013119767717926223,-0.003555133621009121,0.05609191733822705,0.021121934729012026
phase0_20251220_221953,2,1,continuous_logratio,log,normal,1.0,6.0,0.12,1.4,0,1.0,40,1.0,0.05,F1,C3,0.9,0.9,0.9,4,early_stopping,1200,36,35,0.5149821980012348,0.8150752002253918,0.2522046187515084,0.8327585635558419,0.2750461087863196,0.8439297390710351,0.8490233875175027,14,0.1363636363636363,0.1363636363636363,0.0995726495726495,0.0995726495726495,0.24436645752944,0.8148450919196975,0.868736946089547,0.2694721878021779,0.8322089615846993,0.8733258421957737,0.0,0.0,0.007838161222068402,0.00023010830569436536,-0.024807207018511912,0.005573920984141667,0.0005496019711426214,-0.02430245467827097,0.1363636363636363,0.0995726495726495
phase0_20251220_221953,2,1,continuous_logratio,log,normal,1.0,6.0,0.12,1.4,0,1.0,40,1.0,0.05,F0,C3,0.8,0.8,0.8,4,early_stopping,1200,115,114,1.2071253750036703,0.8011315718776276,0.2127842026801441,0.805747844587118,0.2429265320443315,0.8558514416106721,0.8595593796316104,14,0.903448275862069,0.903448275862069,0.741804804391011,0.741804804391011,0.2272061115940091,0.8042980283821713,0.8621298605807163,0.245748639169499,0.8114306303948241,0.8667257149672521,0.8313253012048193,0.725263173907752,-0.014421908913864995,-0.0031664565045437243,-0.0062784189700442194,-0.002822107125167478,-0.005682785807706092,-0.007166335335641705,0.0721229746572497,0.016541630483259073
phase0_20251220_221953,2,1,continuous_logratio,log,normal,1.0,6.0,0.12,1.4,0,1.0,40,1.0,0.05,F1,C3,0.8,0.8,0.8,4,early_stopping,1200,26,25,0.5665147180043277,0.8159430669458301,0.2442467029510425,0.8317540534849444,0.2698800678212447,0.7979548629120896,0.8037336463248169,14,0.125,0.125,0.0802527829313543,0.0802527829313543,0.24436645752944,0.8148450919196975,0.868736946089547,0.2694721878021779,0.8322089615846993,0.8733258421957737,0.0,0.0,-0.00011975457839749626,0.0010979750261326249,-0.07078208317745738,0.0004078800190667753,-0.00045490809975490265,-0.06959219587095677,0.125,0.0802527829313543
phase0_20251220_221953,3,0,continuous_logratio,log,normal,1.0,6.0,0.12,1.4,0,1.0,40,1.0,0.05,F0,C0,1.0,1.0,1.0,4,early_stopping,1200,106,105,0.9474249229970156,0.8042722641367357,0.2242080262716147,0.8054340763694523,0.2204362360447295,0.8684200997485776,0.8672478654001244,14,0.9338235294117648,0.9338235294117648,0.8341593251519717,0.8341593251519717,0.2242080262716147,0.8042722641367357,0.8684200997485776,0.2204362360447295,0.8054340763694523,0.8672478654001244,0.9338235294117648,0.8341593251519717,0.0,0.0,0.0,0.0,0.0,0.0,0.0,0.0
phase0_20251220_221953,3,0,continuous_logratio,log,normal,1.0,6.0,0.12,1.4,0,1.0,40,1.0,0.05,F1,C0,1.0,1.0,1.0,4,early_stopping,1200,9,8,0.4005631230029394,0.8195311789772577,0.2481545504763126,0.8128380113471853,0.2373256555791662,0.7465791643167509,0.7388360717693483,14,0.0,0.0,0.0,0.0,0.2481545504763126,0.8195311789772577,0.7465791643167509,0.2373256555791662,0.8128380113471853,0.7388360717693483,0.0,0.0,0.0,0.0,0.0,0.0,0.0,0.0,0.0,0.0
phase0_20251220_221953,3,0,continuous_logratio,log,normal,1.0,6.0,0.12,1.4,0,1.0,40,1.0,0.05,F0,C3,0.9,0.9,0.9,4,early_stopping,1200,168,167,1.239875725004822,0.8042747952488494,0.2241451919027719,0.8054290137393318,0.2173949769585388,0.8795075169925792,0.8776664047840755,14,0.8080808080808081,0.8080808080808081,0.6604392100604218,0.6604392100604218,0.2242080262716147,0.8042722641367357,0.8684200997485776,0.2204362360447295,0.8054340763694523,0.8672478654001244,0.9338235294117648,0.8341593251519717,-6.283436884280125e-05,2.5311121136795123e-06,0.01108741724400164,-0.003041259086190712,-5.062630120455935e-06,0.010418539383951098,-0.12574272133095676,-0.17372011509154983
phase0_20251220_221953,3,0,continuous_logratio,log,normal,1.0,6.0,0.12,1.4,0,1.0,40,1.0,0.05,F1,C3,0.9,0.9,0.9,4,early_stopping,1200,13,12,0.4089714799993089,0.8214739129875371,0.248734794983362,0.8186203966689187,0.2421840673765806,0.7536476962571702,0.7472435126463566,14,0.0697674418604651,0.0697674418604651,0.0281007751937984,0.0281007751937984,0.2481545504763126,0.8195311789772577,0.7465791643167509,0.2373256555791662,0.8128380113471853,0.7388360717693483,0.0,0.0,0.00058024450704941,0.0019427340102794455,0.0070685319404193425,0.0048584117974143914,0.005782385321733474,0.008407440877008288,0.0697674418604651,0.0281007751937984
phase0_20251220_221953,3,0,continuous_logratio,log,normal,1.0,6.0,0.12,1.4,0,1.0,40,1.0,0.05,F0,C3,0.8,0.8,0.8,4,early_stopping,1200,218,217,1.596025220998854,0.8003243620173723,0.2258228744401575,0.8038304074921756,0.2219678418998773,0.8814279121687644,0.8785922832197421,14,0.7661290322580645,0.7661290322580645,0.5842761405261403,0.5842761405261403,0.2242080262716147,0.8042722641367357,0.8684200997485776,0.2204362360447295,0.8054340763694523,0.8672478654001244,0.9338235294117648,0.8341593251519717,0.001614848168542793,-0.003947902119363356,0.013007812420186782,0.0015316058551478051,-0.0016036688772766983,0.011344417819617703,-0.16769449715370033,-0.24988318462583137
phase0_20251220_221953,3,0,continuous_logratio,log,normal,1.0,6.0,0.12,1.4,0,1.0,40,1.0,0.05,F1,C3,0.8,0.8,0.8,4,early_stopping,1200,13,12,0.3478163999971002,0.8212744824455773,0.2478582258790853,0.8186438786554343,0.238409726768669,0.7355374113032068,0.7296839747693129,14,0.2790697674418604,0.2790697674418604,0.1462023764349345,0.1462023764349345,0.2481545504763126,0.8195311789772577,0.7465791643167509,0.2373256555791662,0.8128380113471853,0.7388360717693483,0.0,0.0,-0.00029632459722730986,0.0017433034683196347,-0.011041753013544042,0.0010840711895027944,0.0058058673082490575,-0.009152097000035386,0.2790697674418604,0.1462023764349345
phase0_20251220_221953,3,1,continuous_logratio,log,normal,1.0,6.0,0.12,1.4,0,1.0,40,1.0,0.05,F0,C0,1.0,1.0,1.0,4,early_stopping,1200,109,108,0.9731029530012164,0.8167247449086066,0.2605760659433646,0.8021029478433346,0.2377262000447991,0.8774618198945494,0.877722565237606,14,0.9136690647482014,0.9136690647482014,0.8327986561799509,0.8327986561799509,0.2605760659433646,0.8167247449086066,0.8774618198945494,0.2377262000447991,0.8021029478433346,0.877722565237606,0.9136690647482014,0.8327986561799509,0.0,0.0,0.0,0.0,0.0,0.0,0.0,0.0
phase0_20251220_221953,3,1,continuous_logratio,log,normal,1.0,6.0,0.12,1.4,0,1.0,40,1.0,0.05,F1,C0,1.0,1.0,1.0,4,early_stopping,1200,9,8,0.3186023689995636,0.8263106361122019,0.2748688665230784,0.8205808124369134,0.2414754664712834,0.7744317828356005,0.7828982727858413,14,0.0,0.0,0.0,0.0,0.2748688665230784,0.8263106361122019,0.7744317828356005,0.2414754664712834,0.8205808124369134,0.7828982727858413,0.0,0.0,0.0,0.0,0.0,0.0,0.0,0.0,0.0,0.0
phase0_20251220_221953,3,1,continuous_logratio,log,normal,1.0,6.0,0.12,1.4,0,1.0,40,1.0,0.05,F0,C3,0.9,0.9,0.9,4,early_stopping,1200,132,131,1.2024436589999823,0.8174423824373441,0.2627672231537185,0.8006872228244654,0.2425040395563135,0.8787036979951899,0.8769072320802399,14,0.8888888888888888,0.8888888888888888,0.7727601616490503,0.7727601616490503,0.2605760659433646,0.8167247449086066,0.8774618198945494,0.2377262000447991,0.8021029478433346,0.877722565237606,0.9136690647482014,0.8327986561799509,0.0021911572103539,0.0007176375287375469,0.00124187810064047,0.004777839511514392,-0.0014157250188692183,-0.0008153331573660383,-0.02478017585931258,-0.0600384945309006
phase0_20251220_221953,3,1,continuous_logratio,log,normal,1.0,6.0,0.12,1.4,0,1.0,40,1.0,0.05,F1,C3,0.9,0.9,0.9,4,early_stopping,1200,12,11,0.2796000919988728,0.8259042232862092,0.269120008289623,0.8198337082976981,0.2463856403715915,0.7801352422159566,0.789783878676028,14,0.0714285714285714,0.0714285714285714,0.0172902494331065,0.0172902494331065,0.2748688665230784,0.8263106361122019,0.7744317828356005,0.2414754664712834,0.8205808124369134,0.7828982727858413,0.0,0.0,-0.0057488582334553895,-0.0004064128259927413,0.005703459380356102,0.004910173900308096,-0.0007471041392153044,0.006885605890186608,0.0714285714285714,0.0172902494331065
phase0_20251220_221953,3,1,continuous_logratio,log,normal,1.0,6.0,0.12,1.4,0,1.0,40,1.0,0.05,F0,C3,0.8,0.8,0.8,4,early_stopping,1200,190,189,1.4897223520019909,0.8168499588156979,0.2594632753896647,0.7970013342154125,0.2371332324547471,0.8827455046494033,0.8805185893761729,14,0.8318181818181818,0.8318181818181818,0.6360665470892743,0.6360665470892743,0.2605760659433646,0.8167247449086066,0.8774618198945494,0.2377262000447991,0.8021029478433346,0.877722565237606,0.9136690647482014,0.8327986561799509,-0.0011127905536998939,0.00012521390709130387,0.005283684754853857,-0.000592967590052007,-0.0051016136279220525,0.0027960241385669438,-0.08185088293001963,-0.1967321090906765
phase0_20251220_221953,3,1,continuous_logratio,log,normal,1.0,6.0,0.12,1.4,0,1.0,40,1.0,0.05,F1,C3,0.8,0.8,0.8,4,early_stopping,1200,17,16,0.3634035819995915,0.8245624327614096,0.2709770246517865,0.8145737158554948,0.2489001994432469,0.770054714367704,0.7830608339725883,14,0.2978723404255319,0.2978723404255319,0.1958658362913682,0.1958658362913682,0.2748688665230784,0.8263106361122019,0.7744317828356005,0.2414754664712834,0.8205808124369134,0.7828982727858413,0.0,0.0,-0.003891841871291879,-0.0017482033507922878,-0.004377068467896539,0.007424732971963499,-0.006007096581418625,0.00016256118674695674,0.2978723404255319,0.1958658362913682
phase0_20251220_221953,4,0,continuous_logratio,log,normal,1.0,6.0,0.12,1.4,0,1.0,40,1.0,0.05,F0,C0,1.0,1.0,1.0,4,early_stopping,1200,104,103,1.4784089859967935,0.818685241420673,0.2274241724581374,0.8035414621671525,0.2098581115338271,0.8593041381963129,0.8610062737555276,14,0.8955223880597015,0.8955223880597015,0.8129563222846805,0.8129563222846805,0.2274241724581374,0.818685241420673,0.8593041381963129,0.2098581115338271,0.8035414621671525,0.8610062737555276,0.8955223880597015,0.8129563222846805,0.0,0.0,0.0,0.0,0.0,0.0,0.0,0.0
phase0_20251220_221953,4,0,continuous_logratio,log,normal,1.0,6.0,0.12,1.4,0,1.0,40,1.0,0.05,F1,C0,1.0,1.0,1.0,4,early_stopping,1200,48,47,0.5540944690001197,0.8366505768382302,0.2682442612305648,0.8257946860932905,0.2316492739965877,0.8693864605265234,0.8720463353458721,14,0.0,0.0,0.0,0.0,0.2682442612305648,0.8366505768382302,0.8693864605265234,0.2316492739965877,0.8257946860932905,0.8720463353458721,0.0,0.0,0.0,0.0,0.0,0.0,0.0,0.0,0.0,0.0
phase0_20251220_221953,4,0,continuous_logratio,log,normal,1.0,6.0,0.12,1.4,0,1.0,40,1.0,0.05,F0,C3,0.9,0.9,0.9,4,early_stopping,1200,89,88,0.9360814230021788,0.8147091378965655,0.2251684699350355,0.8013196416558094,0.2079131003744627,0.844923184587255,0.8466968014736499,14,0.9495798319327732,0.9495798319327732,0.8412620059678882,0.8412620059678882,0.2274241724581374,0.818685241420673,0.8593041381963129,0.2098581115338271,0.8035414621671525,0.8610062737555276,0.8955223880597015,0.8129563222846805,-0.0022557025231018935,-0.003976103524107488,-0.01438095360905789,-0.001945011159364407,-0.00222182051134312,-0.014309472281877733,0.05405744387307165,0.02830568368320774
phase0_20251220_221953,4,0,continuous_logratio,log,normal,1.0,6.0,0.12,1.4,0,1.0,40,1.0,0.05,F1,C3,0.9,0.9,0.9,4,early_stopping,1200,18,17,0.4247224880018621,0.8366756745577631,0.2676117659875259,0.8235052910534535,0.226832702285946,0.7586077877077069,0.7620561779523005,14,0.1458333333333333,0.1458333333333333,0.0571713009213009,0.0571713009213009,0.2682442612305648,0.8366505768382302,0.8693864605265234,0.2316492739965877,0.8257946860932905,0.8720463353458721,0.0,0.0,-0.0006324952430388775,2.5097719532962692e-05,-0.11077867281881648,-0.004816571710641704,-0.00228939503983705,-0.10999015739357154,0.1458333333333333,0.0571713009213009
phase0_20251220_221953,4,0,continuous_logratio,log,normal,1.0,6.0,0.12,1.4,0,1.0,40,1.0,0.05,F0,C3,0.8,0.8,0.8,4,early_stopping,1200,119,118,1.280409430997679,0.8132176008906781,0.2253983026843569,0.7996516966775392,0.2137978329185627,0.8461939534141804,0.847636580082642,14,0.8859060402684564,0.8859060402684564,0.7289082282370869,0.7289082282370869,0.2274241724581374,0.818685241420673,0.8593041381963129,0.2098581115338271,0.8035414621671525,0.8610062737555276,0.8955223880597015,0.8129563222846805,-0.0020258697737804976,-0.005467640529994933,-0.01311018478213255,0.003939721384735584,-0.003889765489613284,-0.013369693672885652,-0.009616347791245095,-0.08404809404759361
phase0_20251220_221953,4,0,continuous_logratio,log,normal,1.0,6.0,0.12,1.4,0,1.0,40,1.0,0.05,F1,C3,0.8,0.8,0.8,4,early_stopping,1200,17,16,0.4378700660017784,0.8363505890747149,0.265290805028394,0.8238463764310326,0.2303018254990107,0.7667760137521986,0.7722945572244726,14,0.3404255319148936,0.3404255319148936,0.1596114878029771,0.1596114878029771,0.2682442612305648,0.8366505768382302,0.8693864605265234,0.2316492739965877,0.8257946860932905,0.8720463353458721,0.0,0.0,-0.002953456202170801,-0.0002999877635152526,-0.10261044677432474,-0.0013474484975769807,-0.0019483096622578966,-0.09975177812139946,0.3404255319148936,0.1596114878029771
phase0_20251220_221953,4,1,continuous_logratio,log,normal,1.0,6.0,0.12,1.4,0,1.0,40,1.0,0.05,F0,C0,1.0,1.0,1.0,4,early_stopping,1200,101,100,1.0472145590028958,0.8203327785135655,0.2420803711363872,0.8124013629766382,0.2201871015266668,0.8688853241759463,0.8669004402120004,14,0.8778625954198473,0.8778625954198473,0.7980542570237223,0.7980542570237223,0.2420803711363872,0.8203327785135655,0.8688853241759463,0.2201871015266668,0.8124013629766382,0.8669004402120004,0.8778625954198473,0.7980542570237223,0.0,0.0,0.0,0.0,0.0,0.0,0.0,0.0
phase0_20251220_221953,4,1,continuous_logratio,log,normal,1.0,6.0,0.12,1.4,0,1.0,40,1.0,0.05,F1,C0,1.0,1.0,1.0,4,early_stopping,1200,39,38,0.7922193459962728,0.83885250396933,0.2669631824479677,0.8258632298083093,0.2493507672083616,0.8599785237699396,0.8589737500629694,14,0.0289855072463768,0.0289855072463768,0.0040412486064659,0.0040412486064659,0.2669631824479677,0.83885250396933,0.8599785237699396,0.2493507672083616,0.8258632298083093,0.8589737500629694,0.0289855072463768,0.0040412486064659,0.0,0.0,0.0,0.0,0.0,0.0,0.0,0.0
phase0_20251220_221953,4,1,continuous_logratio,log,normal,1.0,6.0,0.12,1.4,0,1.0,40,1.0,0.05,F0,C3,0.9,0.9,0.9,4,early_stopping,1200,137,136,1.327972455997951,0.8183546527697249,0.2398999113047404,0.808513997053252,0.2235029706080728,0.8749737642382174,0.8721337237483748,14,0.8263473053892215,0.8263473053892215,0.7056656749770518,0.7056656749770518,0.2420803711363872,0.8203327785135655,0.8688853241759463,0.2201871015266668,0.8124013629766382,0.8669004402120004,0.8778625954198473,0.7980542570237223,-0.0021804598316468027,-0.0019781257438405975,0.00608844006227105,0.00331586908140602,-0.0038873659233862323,0.005233283536374422,-0.05151529003062583,-0.09238858204667055
phase0_20251220_221953,4,1,continuous_logratio,log,normal,1.0,6.0,0.12,1.4,0,1.0,40,1.0,0.05,F1,C3,0.9,0.9,0.9,4,early_stopping,1200,44,43,0.6302224799946998,0.839513078081364,0.2652350297104759,0.8269144775270308,0.2498920691729258,0.8706268546663427,0.869036439984087,14,0.0675675675675675,0.0675675675675675,0.0214665214665214,0.0214665214665214,0.2669631824479677,0.83885250396933,0.8599785237699396,0.2493507672083616,0.8258632298083093,0.8589737500629694,0.0289855072463768,0.0040412486064659,-0.0017281527374917727,0.0006605741120340181,0.010648330896403158,0.0005413019645642003,0.0010512477187215596,0.010062689921117585,0.0385820603211907,0.0174252728600555
phase0_20251220_221953,4,1,continuous_logratio,log,normal,1.0,6.0,0.12,1.4,0,1.0,40,1.0,0.05,F0,C3,0.8,0.8,0.8,4,early_stopping,1200,104,103,0.7962992009997834,0.8151900875301571,0.2396970605312987,0.804669107919787,0.2199924974538711,0.8554718585871589,0.8524359828624926,14,0.9253731343283582,0.9253731343283582,0.7840400478460178,0.7840400478460178,0.2420803711363872,0.8203327785135655,0.8688853241759463,0.2201871015266668,0.8124013629766382,0.8669004402120004,0.8778625954198473,0.7980542570237223,-0.0023833106050885067,-0.00514269098340836,-0.013413465588787421,-0.00019460407279570102,-0.007732255056851267,-0.014464457349507853,0.04751053890851087,-0.014014209177704573
phase0_20251220_221953,4,1,continuous_logratio,log,normal,1.0,6.0,0.12,1.4,0,1.0,40,1.0,0.05,F1,C3,0.8,0.8,0.8,4,early_stopping,1200,35,34,0.4940776490038843,0.8389985474126769,0.2681485937747475,0.8253050087109117,0.2544451159678497,0.8308500135427492,0.8313353685938775,14,0.1692307692307692,0.1692307692307692,0.0894117421040497,0.0894117421040497,0.2669631824479677,0.83885250396933,0.8599785237699396,0.2493507672083616,0.8258632298083093,0.8589737500629694,0.0289855072463768,0.0040412486064659,0.001185411326779795,0.00014604344334689934,-0.02912851022719032,0.005094348759488082,-0.0005582210973975599,-0.02763838146909192,0.1402452619843924,0.0853704934975838
phase0_20251220_221953,5,0,continuous_logratio,log,normal,1.0,6.0,0.12,1.4,0,1.0,40,1.0,0.05,F0,C0,1.0,1.0,1.0,4,early_stopping,1200,91,90,0.8590828259984846,0.7908856463302472,0.1839230927235917,0.7964125207891648,0.2209661025653634,0.8341621515513215,0.8353767559830795,14,0.9090909090909092,0.9090909090909092,0.7879743993380357,0.7879743993380357,0.1839230927235917,0.7908856463302472,0.8341621515513215,0.2209661025653634,0.7964125207891648,0.8353767559830795,0.9090909090909092,0.7879743993380357,0.0,0.0,0.0,0.0,0.0,0.0,0.0,0.0
phase0_20251220_221953,5,0,continuous_logratio,log,normal,1.0,6.0,0.12,1.4,0,1.0,40,1.0,0.05,F1,C0,1.0,1.0,1.0,4,early_stopping,1200,50,49,0.6468256980006117,0.8107977118717612,0.2205178183898171,0.8212577112524508,0.2546406245899014,0.8980701336660883,0.8996035820157989,14,0.0,0.0,0.0,0.0,0.2205178183898171,0.8107977118717612,0.8980701336660883,0.2546406245899014,0.8212577112524508,0.8996035820157989,0.0,0.0,0.0,0.0,0.0,0.0,0.0,0.0,0.0,0.0
phase0_20251220_221953,5,0,continuous_logratio,log,normal,1.0,6.0,0.12,1.4,0,1.0,40,1.0,0.05,F0,C3,0.9,0.9,0.9,4,early_stopping,1200,170,169,1.5259959519971744,0.7896070160972928,0.1851705265658771,0.7959096488291648,0.2233896997672648,0.8558323258691549,0.8563416244862089,14,0.79,0.79,0.6425286796536795,0.6425286796536795,0.1839230927235917,0.7908856463302472,0.8341621515513215,0.2209661025653634,0.7964125207891648,0.8353767559830795,0.9090909090909092,0.7879743993380357,0.0012474338422854003,-0.0012786302329543808,0.021670174317833468,0.002423597201901412,-0.0005028719599999842,0.020964868503129397,-0.11909090909090914,-0.14544571968435616
phase0_20251220_221953,5,0,continuous_logratio,log,normal,1.0,6.0,0.12,1.4,0,1.0,40,1.0,0.05,F1,C3,0.9,0.9,0.9,4,early_stopping,1200,27,26,0.3934287079973728,0.8106038685866501,0.2217536222262252,0.8241307339571411,0.2591243585399492,0.8257966924477269,0.8275739059613813,14,0.175438596491228,0.175438596491228,0.0602114260008996,0.0602114260008996,0.2205178183898171,0.8107977118717612,0.8980701336660883,0.2546406245899014,0.8212577112524508,0.8996035820157989,0.0,0.0,0.0012358038364080892,-0.00019384328511107274,-0.07227344121836143,0.004483733950047808,0.0028730227046902534,-0.07202967605441768,0.175438596491228,0.0602114260008996
phase0_20251220_221953,5,0,continuous_logratio,log,normal,1.0,6.0,0.12,1.4,0,1.0,40,1.0,0.05,F0,C3,0.8,0.8,0.8,4,early_stopping,1200,166,165,1.431105869996827,0.788936076683353,0.1812984940514639,0.7943414152041192,0.2227315130255549,0.8547087814620031,0.8509509690377761,14,0.8010204081632653,0.8010204081632653,0.6266390214094295,0.6266390214094295,0.1839230927235917,0.7908856463302472,0.8341621515513215,0.2209661025653634,0.7964125207891648,0.8353767559830795,0.9090909090909092,0.7879743993380357,-0.0026245986721278036,-0.0019495696468941892,0.02054662991068168,0.0017654104601915188,-0.0020711055850456406,0.01557421305469664,-0.10807050092764392,-0.1613353779286062
phase0_20251220_221953,5,0,continuous_logratio,log,normal,1.0,6.0,0.12,1.4,0,1.0,40,1.0,0.05,F1,C3,0.8,0.8,0.8,4,early_stopping,1200,36,35,0.5581198590007261,0.8136266681291592,0.2206055519830372,0.823103098316144,0.2561505628215031,0.848163945881009,0.8496177236180972,14,0.1666666666666666,0.1666666666666666,0.0743271879635516,0.0743271879635516,0.2205178183898171,0.8107977118717612,0.8980701336660883,0.2546406245899014,0.8212577112524508,0.8996035820157989,0.0,0.0,8.773359322009067e-05,0.0028289562573979854,-0.04990618778507938,0.0015099382316017262,0.0018453870636931935,-0.049985858397701755,0.1666666666666666,0.0743271879635516
phase0_20251220_221953,5,1,continuous_logratio,log,normal,1.0,6.0,0.12,1.4,0,1.0,40,1.0,0.05,F0,C0,1.0,1.0,1.0,4,early_stopping,1200,131,130,1.4498430700041354,0.7819380577427821,0.1868431970375069,0.7959864956032172,0.2255086090267908,0.8702455486032975,0.8680397868597128,14,0.8385093167701864,0.8385093167701864,0.7346009580481626,0.7346009580481626,0.1868431970375069,0.7819380577427821,0.8702455486032975,0.2255086090267908,0.7959864956032172,0.8680397868597128,0.8385093167701864,0.7346009580481626,0.0,0.0,0.0,0.0,0.0,0.0,0.0,0.0
phase0_20251220_221953,5,1,continuous_logratio,log,normal,1.0,6.0,0.12,1.4,0,1.0,40,1.0,0.05,F1,C0,1.0,1.0,1.0,4,early_stopping,1200,9,8,0.3112225299992133,0.7950719160104988,0.2277290573439271,0.8155154706540748,0.2342647523219033,0.7740811416677407,0.7720929601002753,14,0.0,0.0,0.0,0.0,0.2277290573439271,0.7950719160104988,0.7740811416677407,0.2342647523219033,0.8155154706540748,0.7720929601002753,0.0,0.0,0.0,0.0,0.0,0.0,0.0,0.0,0.0,0.0
phase0_20251220_221953,5,1,continuous_logratio,log,normal,1.0,6.0,0.12,1.4,0,1.0,40,1.0,0.05,F0,C3,0.9,0.9,0.9,4,early_stopping,1200,129,128,1.162516044001677,0.7838178753971543,0.1876773516116732,0.7977633680459244,0.2213230658371231,0.8701096475700121,0.8667851031539403,14,0.8867924528301887,0.8867924528301887,0.7382137080250282,0.7382137080250282,0.1868431970375069,0.7819380577427821,0.8702455486032975,0.2255086090267908,0.7959864956032172,0.8680397868597128,0.8385093167701864,0.7346009580481626,0.0008341545741663015,0.0018798176543721734,-0.0001359010332854238,-0.004185543189667684,0.0017768724427071891,-0.0012546837057725302,0.04828313606000234,0.003612749976865559
phase0_20251220_221953,5,1,continuous_logratio,log,normal,1.0,6.0,0.12,1.4,0,1.0,40,1.0,0.05,F1,C3,0.9,0.9,0.9,4,early_stopping,1200,11,10,0.4401671320010791,0.7991060643735322,0.2291640190087967,0.819701675749452,0.2455106217818166,0.7682606182475449,0.7681164911895536,14,0.0975609756097561,0.0975609756097561,0.0430268918073796,0.0430268918073796,0.2277290573439271,0.7950719160104988,0.7740811416677407,0.2342647523219033,0.8155154706540748,0.7720929601002753,0.0,0.0,0.0014349616648696162,0.004034148363033396,-0.005820523420195789,0.011245869459913294,0.004186205095377149,-0.0039764689107216755,0.0975609756097561,0.0430268918073796
phase0_20251220_221953,5,1,continuous_logratio,log,normal,1.0,6.0,0.12,1.4,0,1.0,40,1.0,0.05,F0,C3,0.8,0.8,0.8,4,early_stopping,1200,202,201,1.738528216999839,0.7815342450614726,0.1888483103764302,0.793556593449632,0.2113489983169473,0.8703213687213519,0.8676062515999563,14,0.7801724137931034,0.7801724137931034,0.59675666766184,0.59675666766184,0.1868431970375069,0.7819380577427821,0.8702455486032975,0.2255086090267908,0.7959864956032172,0.8680397868597128,0.8385093167701864,0.7346009580481626,0.002005113338923309,-0.0004038126813095122,7.58201180544038e-05,-0.014159610709843479,-0.002429902153585184,-0.0004335352597565345,-0.05833690297708294,-0.13784429038632262
phase0_20251220_221953,5,1,continuous_logratio,log,normal,1.0,6.0,0.12,1.4,0,1.0,40,1.0,0.05,F1,C3,0.8,0.8,0.8,4,early_stopping,1200,14,13,0.4870777179967263,0.79553728415527,0.2317782315155822,0.8156411731596687,0.2469779562343263,0.760946238257626,0.7625503504636164,14,0.25,0.25,0.1345926800472255,0.1345926800472255,0.2277290573439271,0.7950719160104988,0.7740811416677407,0.2342647523219033,0.8155154706540748,0.7720929601002753,0.0,0.0,0.0040491741716550955,0.0004653681447712721,-0.013134903410114696,0.012713203912423005,0.00012570250559384988,-0.009542609636658872,0.25,0.1345926800472255
phase0_20251220_221953,6,0,continuous_logratio,log,normal,1.0,6.0,0.12,1.4,0,1.0,40,1.0,0.05,F0,C0,1.0,1.0,1.0,4,early_stopping,1200,135,134,1.2680450530024243,0.8061826210045604,0.2199381085022412,0.808276456692848,0.2187035556498697,0.8721479689218655,0.8700643632746373,14,0.806060606060606,0.806060606060606,0.7020469093196361,0.7020469093196361,0.2199381085022412,0.8061826210045604,0.8721479689218655,0.2187035556498697,0.808276456692848,0.8700643632746373,0.806060606060606,0.7020469093196361,0.0,0.0,0.0,0.0,0.0,0.0,0.0,0.0
phase0_20251220_221953,6,0,continuous_logratio,log,normal,1.0,6.0,0.12,1.4,0,1.0,40,1.0,0.05,F1,C0,1.0,1.0,1.0,4,early_stopping,1200,9,8,0.2719311499968171,0.8229128502241827,0.2688229465571387,0.8251065162020363,0.2512572614828722,0.7636769850462786,0.7610333678472756,14,0.0,0.0,0.0,0.0,0.2688229465571387,0.8229128502241827,0.7636769850462786,0.2512572614828722,0.8251065162020363,0.7610333678472756,0.0,0.0,0.0,0.0,0.0,0.0,0.0,0.0,0.0,0.0
phase0_20251220_221953,6,0,continuous_logratio,log,normal,1.0,6.0,0.12,1.4,0,1.0,40,1.0,0.05,F0,C3,0.9,0.9,0.9,4,early_stopping,1200,232,231,2.254110968002351,0.7999236025993677,0.2164820379250167,0.8084749386131953,0.2224722474524156,0.8668072915218854,0.8661789037517983,14,0.683206106870229,0.683206106870229,0.5431359564947351,0.5431359564947351,0.2199381085022412,0.8061826210045604,0.8721479689218655,0.2187035556498697,0.808276456692848,0.8700643632746373,0.806060606060606,0.7020469093196361,-0.003456070577224496,-0.006259018405192718,-0.0053406773999801205,0.0037686918025458815,0.00019848192034732648,-0.00388545952283903,-0.12285449919037705,-0.15891095282490098
phase0_20251220_221953,6,0,continuous_logratio,log,normal,1.0,6.0,0.12,1.4,0,1.0,40,1.0,0.05,F1,C3,0.9,0.9,0.9,4,early_stopping,1200,14,13,0.4727929449945804,0.8251880036253965,0.2753840165718333,0.8268927494044503,0.2571951294138487,0.7704246119276541,0.7677542417311426,14,0.1363636363636363,0.1363636363636363,0.0643939393939393,0.0643939393939393,0.2688229465571387,0.8229128502241827,0.7636769850462786,0.2512572614828722,0.8251065162020363,0.7610333678472756,0.0,0.0,0.006561070014694637,0.0022751534012137586,0.006747626881375535,0.005937867930976504,0.0017862332024140004,0.006720873883866996,0.1363636363636363,0.0643939393939393
phase0_20251220_221953,6,0,continuous_logratio,log,normal,1.0,6.0,0.12,1.4,0,1.0,40,1.0,0.05,F0,C3,0.8,0.8,0.8,4,early_stopping,1200,133,132,1.2491340870037675,0.8047567611805023,0.2220277122082996,0.80810503575797,0.2195643326826872,0.8656704214536581,0.8646448777491869,14,0.8834355828220859,0.8834355828220859,0.7020720077468543,0.7020720077468543,0.2199381085022412,0.8061826210045604,0.8721479689218655,0.2187035556498697,0.808276456692848,0.8700643632746373,0.806060606060606,0.7020469093196361,0.0020896037060584016,-0.0014258598240580733,-0.00647754746820739,0.0008607770328175057,-0.00017142093487798604,-0.005419485525450463,0.07737497676147986,2.509842721820643e-05
phase0_20251220_221953,6,0,continuous_logratio,log,normal,1.0,6.0,0.12,1.4,0,1.0,40,1.0,0.05,F1,C3,0.8,0.8,0.8,4,early_stopping,1200,36,35,0.5363403110022773,0.8245491087426933,0.2661452322789392,0.826613917173401,0.2506045532608159,0.8340471948153584,0.8304925364685535,14,0.303030303030303,0.303030303030303,0.1448768403313858,0.1448768403313858,0.2688229465571387,0.8229128502241827,0.7636769850462786,0.2512572614828722,0.8251065162020363,0.7610333678472756,0.0,0.0,-0.002677714278199461,0.0016362585185105694,0.07037020976907982,-0.0006527082220563196,0.001507400971364703,0.06945916862127788,0.303030303030303,0.1448768403313858
phase0_20251220_221953,6,1,continuous_logratio,log,normal,1.0,6.0,0.12,1.4,0,1.0,40,1.0,0.05,F0,C0,1.0,1.0,1.0,4,early_stopping,1200,114,113,1.0955018309978186,0.7998450526315789,0.2344487409266756,0.804283602586915,0.2492936713459781,0.8743117994304426,0.8737477153420689,14,0.8611111111111112,0.8611111111111112,0.7881985684069017,0.7881985684069017,0.2344487409266756,0.7998450526315789,0.8743117994304426,0.2492936713459781,0.804283602586915,0.8737477153420689,0.8611111111111112,0.7881985684069017,0.0,0.0,0.0,0.0,0.0,0.0,0.0,0.0
phase0_20251220_221953,6,1,continuous_logratio,log,normal,1.0,6.0,0.12,1.4,0,1.0,40,1.0,0.05,F1,C0,1.0,1.0,1.0,4,early_stopping,1200,7,6,0.2624213790040812,0.8085270526315791,0.2555850391263792,0.8122676696876424,0.2500879078831074,0.7562867322044782,0.75570989739712,14,0.0,0.0,0.0,0.0,0.2555850391263792,0.8085270526315791,0.7562867322044782,0.2500879078831074,0.8122676696876424,0.75570989739712,0.0,0.0,0.0,0.0,0.0,0.0,0.0,0.0,0.0,0.0
phase0_20251220_221953,6,1,continuous_logratio,log,normal,1.0,6.0,0.12,1.4,0,1.0,40,1.0,0.05,F0,C3,0.9,0.9,0.9,4,early_stopping,1200,109,108,0.9403880600002594,0.7968126315789473,0.2338931403372006,0.8010596065936297,0.2404952174299664,0.868756016643829,0.8680135234941347,14,0.920863309352518,0.920863309352518,0.8111283800132717,0.8111283800132717,0.2344487409266756,0.7998450526315789,0.8743117994304426,0.2492936713459781,0.804283602586915,0.8737477153420689,0.8611111111111112,0.7881985684069017,-0.000555600589474986,-0.003032421052631573,-0.005555782786613617,-0.008798453916011695,-0.003223995993285267,-0.005734191847934111,0.05975219824140687,0.022929811606369976
phase0_20251220_221953,6,1,continuous_logratio,log,normal,1.0,6.0,0.12,1.4,0,1.0,40,1.0,0.05,F1,C3,0.9,0.9,0.9,4,early_stopping,1200,28,27,0.600778045001789,0.8143195789473685,0.2573521716121321,0.8164723712016537,0.2522857224411738,0.8145437206864521,0.8136479648061611,14,0.0517241379310344,0.0517241379310344,0.019256605463502,0.019256605463502,0.2555850391263792,0.8085270526315791,0.7562867322044782,0.2500879078831074,0.8122676696876424,0.75570989739712,0.0,0.0,0.001767132485752887,0.005792526315789415,0.058256988481973915,0.002197814558066391,0.004204701514011311,0.05793806740904106,0.0517241379310344,0.019256605463502
phase0_20251220_221953,6,1,continuous_logratio,log,normal,1.0,6.0,0.12,1.4,0,1.0,40,1.0,0.05,F0,C3,0.8,0.8,0.8,4,early_stopping,1200,160,159,1.2164395859945216,0.8003467368421052,0.233738737110309,0.8022794062746698,0.2432363956543552,0.8725801709776372,0.8741094274873095,14,0.8736842105263158,0.8736842105263158,0.6677899147635988,0.6677899147635988,0.2344487409266756,0.7998450526315789,0.8743117994304426,0.2492936713459781,0.804283602586915,0.8737477153420689,0.8611111111111112,0.7881985684069017,-0.0007100038163666,0.0005016842105263208,-0.0017316284528053894,-0.006057275691622899,-0.0020041963122452433,0.00036171214524061135,0.01257309941520468,-0.12040865364330289
phase0_20251220_221953,6,1,continuous_logratio,log,normal,1.0,6.0,0.12,1.4,0,1.0,40,1.0,0.05,F1,C3,0.8,0.8,0.8,4,early_stopping,1200,18,17,0.5106269180032541,0.8072586315789474,0.2595480046776652,0.8138047934603971,0.2555386430937583,0.7560697380065096,0.7578631961618261,14,0.2708333333333333,0.2708333333333333,0.1302827380952381,0.1302827380952381,0.2555850391263792,0.8085270526315791,0.7562867322044782,0.2500879078831074,0.8122676696876424,0.75570989739712,0.0,0.0,0.003962965551286002,-0.0012684210526316964,-0.00021699419796861186,0.00545073521065087,0.0015371237727547227,0.0021532987647060464,0.2708333333333333,0.1302827380952381
phase0_20251220_221953,7,0,continuous_logratio,log,normal,1.0,6.0,0.12,1.4,0,1.0,40,1.0,0.05,F0,C0,1.0,1.0,1.0,4,early_stopping,1200,102,101,1.559965729000396,0.8000725845010968,0.226768046204786,0.7962886002126209,0.1957087533058297,0.8616518168858613,0.864331721742103,14,0.8636363636363636,0.8636363636363636,0.8013088132406313,0.8013088132406313,0.226768046204786,0.8000725845010968,0.8616518168858613,0.1957087533058297,0.7962886002126209,0.864331721742103,0.8636363636363636,0.8013088132406313,0.0,0.0,0.0,0.0,0.0,0.0,0.0,0.0
phase0_20251220_221953,7,0,continuous_logratio,log,normal,1.0,6.0,0.12,1.4,0,1.0,40,1.0,0.05,F1,C0,1.0,1.0,1.0,4,early_stopping,1200,21,20,0.3871646519983187,0.8227037150591077,0.2803274765861216,0.8090978783046494,0.225033525281387,0.8214177034762551,0.8188898959243966,14,0.0,0.0,0.0,0.0,0.2803274765861216,0.8227037150591077,0.8214177034762551,0.225033525281387,0.8090978783046494,0.8188898959243966,0.0,0.0,0.0,0.0,0.0,0.0,0.0,0.0,0.0,0.0
phase0_20251220_221953,7,0,continuous_logratio,log,normal,1.0,6.0,0.12,1.4,0,1.0,40,1.0,0.05,F0,C3,0.9,0.9,0.9,4,early_stopping,1200,115,114,0.9764189109992004,0.8000945604082483,0.2236822956086193,0.7924671290167288,0.1947669921876033,0.8544820790530694,0.8564695111958588,14,0.896551724137931,0.896551724137931,0.7764166293476633,0.7764166293476633,0.226768046204786,0.8000725845010968,0.8616518168858613,0.1957087533058297,0.7962886002126209,0.864331721742103,0.8636363636363636,0.8013088132406313,-0.0030857505961666976,2.1975907151583485e-05,-0.007169737832791956,-0.0009417611182264141,-0.0038214711958921566,-0.007862210546244253,0.0329153605015674,-0.02489218389296799
phase0_20251220_221953,7,0,continuous_logratio,log,normal,1.0,6.0,0.12,1.4,0,1.0,40,1.0,0.05,F1,C3,0.9,0.9,0.9,4,early_stopping,1200,24,23,0.4060786429981817,0.8234312669366504,0.2818397338598535,0.8115535906513687,0.2243768352233993,0.8241584484141943,0.8213525003036479,14,0.1296296296296296,0.1296296296296296,0.0669753086419753,0.0669753086419753,0.2803274765861216,0.8227037150591077,0.8214177034762551,0.225033525281387,0.8090978783046494,0.8188898959243966,0.0,0.0,0.0015122572737318873,0.0007275518775426981,0.002740744937939188,-0.0006566900579877133,0.002455712346719263,0.0024626043792512764,0.1296296296296296,0.0669753086419753
phase0_20251220_221953,7,0,continuous_logratio,log,normal,1.0,6.0,0.12,1.4,0,1.0,40,1.0,0.05,F0,C3,0.8,0.8,0.8,4,early_stopping,1200,146,145,1.4982092940044822,0.7978190939056117,0.2231766019033215,0.7934884445915406,0.1947849448770664,0.8638815799615855,0.8664657803452378,14,0.8579545454545454,0.8579545454545454,0.6875201187701184,0.6875201187701184,0.226768046204786,0.8000725845010968,0.8616518168858613,0.1957087533058297,0.7962886002126209,0.864331721742103,0.8636363636363636,0.8013088132406313,-0.0035914443014644915,-0.002253490595485075,0.0022297630757242004,-0.0009238084287633008,-0.00280015562108038,0.0021340586031347586,-0.005681818181818232,-0.11378869447051287
phase0_20251220_221953,7,0,continuous_logratio,log,normal,1.0,6.0,0.12,1.4,0,1.0,40,1.0,0.05,F1,C3,0.8,0.8,0.8,4,early_stopping,1200,47,46,0.5772806520035374,0.8228513590178348,0.2702435124010798,0.8107336965606236,0.2241466144565549,0.8845150940896201,0.8850959463748346,14,0.2077922077922078,0.2077922077922078,0.082285679688277,0.082285679688277,0.2803274765861216,0.8227037150591077,0.8214177034762551,0.225033525281387,0.8090978783046494,0.8188898959243966,0.0,0.0,-0.010083964185041816,0.00014764395872712832,0.06309739061336506,-0.00088691082483211,0.0016358182559741419,0.06620605045043793,0.2077922077922078,0.082285679688277
phase0_20251220_221953,7,1,continuous_logratio,log,normal,1.0,6.0,0.12,1.4,0,1.0,40,1.0,0.05,F0,C0,1.0,1.0,1.0,4,early_stopping,1200,163,162,1.538327157999447,0.7908485056514003,0.2075757753584744,0.7881892205884611,0.2342444301846507,0.8637087319490899,0.8622402584174795,14,0.7927461139896373,0.7927461139896373,0.6651959295741673,0.6651959295741673,0.2075757753584744,0.7908485056514003,0.8637087319490899,0.2342444301846507,0.7881892205884611,0.8622402584174795,0.7927461139896373,0.6651959295741673,0.0,0.0,0.0,0.0,0.0,0.0,0.0,0.0
phase0_20251220_221953,7,1,continuous_logratio,log,normal,1.0,6.0,0.12,1.4,0,1.0,40,1.0,0.05,F1,C0,1.0,1.0,1.0,4,early_stopping,1200,25,24,0.3121460910042515,0.8115894094242638,0.2282070616603473,0.8043324411052709,0.2535299784422842,0.7972710461262504,0.7994840919124961,14,0.0,0.0,0.0,0.0,0.2282070616603473,0.8115894094242638,0.7972710461262504,0.2535299784422842,0.8043324411052709,0.7994840919124961,0.0,0.0,0.0,0.0,0.0,0.0,0.0,0.0,0.0,0.0
phase0_20251220_221953,7,1,continuous_logratio,log,normal,1.0,6.0,0.12,1.4,0,1.0,40,1.0,0.05,F0,C3,0.9,0.9,0.9,4,early_stopping,1200,130,129,0.9447145570011344,0.7945458912958256,0.2054743500400457,0.7873958370651668,0.2348578469562919,0.8597468460136714,0.8584745167840437,14,0.875,0.875,0.7346602876290372,0.7346602876290372,0.2075757753584744,0.7908485056514003,0.8637087319490899,0.2342444301846507,0.7881892205884611,0.8622402584174795,0.7927461139896373,0.6651959295741673,-0.002101425318428718,0.003697385644425344,-0.003961885935418574,0.0006134167716412009,-0.0007933835232942776,-0.003765741633435793,0.08225388601036265,0.06946435805486995
phase0_20251220_221953,7,1,continuous_logratio,log,normal,1.0,6.0,0.12,1.4,0,1.0,40,1.0,0.05,F1,C3,0.9,0.9,0.9,4,early_stopping,1200,19,18,0.4949423209982342,0.8118769737019929,0.2330120334212165,0.8005324707893403,0.2594143110946591,0.7507519105306689,0.7569626558734752,14,0.1224489795918367,0.1224489795918367,0.0609563905482272,0.0609563905482272,0.2282070616603473,0.8115894094242638,0.7972710461262504,0.2535299784422842,0.8043324411052709,0.7994840919124961,0.0,0.0,0.00480497176086922,0.0002875642777290244,-0.04651913559558152,0.005884332652374924,-0.003799970315930601,-0.04252143603902092,0.1224489795918367,0.0609563905482272
phase0_20251220_221953,7,1,continuous_logratio,log,normal,1.0,6.0,0.12,1.4,0,1.0,40,1.0,0.05,F0,C3,0.8,0.8,0.8,4,early_stopping,1200,175,174,1.2607091649988431,0.7864104641693894,0.2097816847838448,0.7837581055422206,0.2328824489871219,0.8587926258463404,0.8578327906428286,14,0.8536585365853658,0.8536585365853658,0.6272986633962241,0.6272986633962241,0.2075757753584744,0.7908485056514003,0.8637087319490899,0.2342444301846507,0.7881892205884611,0.8622402584174795,0.7927461139896373,0.6651959295741673,0.0022059094253703837,-0.004438041482010879,-0.004916106102749507,-0.0013619811975287832,-0.004431115046240497,-0.004407467774650953,0.06091242259572849,-0.0378972661779432
phase0_20251220_221953,7,1,continuous_logratio,log,normal,1.0,6.0,0.12,1.4,0,1.0,40,1.0,0.05,F1,C3,0.8,0.8,0.8,4,early_stopping,1200,48,47,0.7440804689977085,0.8114918611180377,0.2353597697994404,0.803284798173918,0.257549970628243,0.8579277278648332,0.857936852764686,14,0.1666666666666666,0.1666666666666666,0.0985753562676639,0.0985753562676639,0.2282070616603473,0.8115894094242638,0.7972710461262504,0.2535299784422842,0.8043324411052709,0.7994840919124961,0.0,0.0,0.007152708139093106,-9.754830622610289e-05,0.06065668173858274,0.004019992185958776,-0.0010476429313529545,0.05845276085218987,0.1666666666666666,0.0985753562676639
